ID,Work Item Type,State,Iteration Path,Title,Description,Acceptance Criteria,Comments,Assigned To
"33494","User Story","Closed","MiCOURT\Atomic Object\Forms and Portal Enhancements","Modal should pop up for both instances when use same sequence check box changes","<div style=""font-size:14px;""><b>Context</b> </div><div style=""font-size:14px;""><i></i> </div><div style=""font-size:14px;"">There is a checkbox that determines whether a user wants to use the same sequence for CIVIL and TRAFFIC/CRIMINAL cases. When checkbox changes from being unchecked to checked a modal pops up confirming the choice (this behavior already exists). The same confirmation modal should pop up when changing from checked to unchecked. </div><div style=""font-size:14px;""><i><br></i> </div><div style=""font-size:14px;""><b>Technical Notes</b> </div><div style=""font-size:14px;""><i></i> </div>The docs-tenant-checkbox.component.ts file is where this logic is currently being implemented.<div style=""font-size:14px;""><i><br></i> </div><div style=""font-size:14px;""><b>Design</b> </div><div style=""font-size:14px;""><b><br></b> </div><div style=""font-size:14px;"">Figma link </div><div style=""font-size:14px;""><ul><li><a href=""https://www.figma.com/file/f577nrKafqKB7x3rvRHMOt/MiCourt-Portal-%26-Forms?type=design&amp;node-id=12756-30637&amp;mode=design&amp;t=Ikc9NQyJLUUltki6-11"">Single sequence confirmation</a> </li><li><a href=""https://www.figma.com/file/f577nrKafqKB7x3rvRHMOt/MiCourt-Portal-%26-Forms?type=design&amp;node-id=12756-30659&amp;mode=design&amp;t=Ikc9NQyJLUUltki6-11"">Multiple sequence confirmation</a> </li> </ul> </div><div style=""font-size:14px;""><br> </div><div style=""font-size:14px;""><strike>Check with design on specific wording for the modal. </strike> </div>","<div style=""font-size:14px;""><ul><li>when unchecking 'use same sequence' a confirmation modal pops up. </li><li>ensure &quot;esc&quot; keypress closes modal </li><li>ensure &quot;tab&quot; keypresses only focus between confirm, cancel, and exit buttons </li> </ul> </div>",,"Jacob Williams <jacob.williams@atomicobject.com>"
"30708","User Story","Closed","MiCOURT\Atomic Object\Forms and Portal Enhancements\AO-03-SEP26","Auto-Case Numbering: Cancellation modal/prompt (exiting before saving)","<div><b>Figma</b>:&nbsp;<a href=""https://www.figma.com/file/f577nrKafqKB7x3rvRHMOt/JIS-MiCourt?node-id=8655-77540&amp;t=jFzG1AdXy6s2GrNS-4"">https://www.figma.com/file/f577nrKafqKB7x3rvRHMOt/JIS-MiCourt?node-id=8655-77540&amp;t=jFzG1AdXy6s2GrNS-4</a><br> </div><div><br> </div><div>Clicking Cancel navigates to the&nbsp;<span style=""box-sizing:border-box;display:inline !important;""><span style=""box-sizing:border-box;"">&nbsp;</span></span><a href=""https://www.figma.com/file/f577nrKafqKB7x3rvRHMOt/JIS-MiCourt?node-id=6343-54320&amp;t=ou4kRRmqdgQiMhdJ-4"" style=""box-sizing:border-box;text-decoration:underline;cursor:pointer;"">court administration page</a><span style=""display:inline !important;"">.</span> </div><div>Navigating away from the page presents the cancel modal. Modal has option to cancel or discard. </div><div><br> </div><div><img src=""https://dev.azure.com/mi-jis/0547c096-a601-46b0-9f3f-f8b8197e7ccb/_apis/wit/attachments/ef08d570-0813-4da3-9d01-22aecce8a71f?fileName=image.png"" alt=Image><br> </div><div><br> </div>","<br><ul><li><div style=""box-sizing:border-box;text-align:start;"">Clicking Cancel navigates to the<span style=""box-sizing:border-box;display:inline !important;""><span style=""box-sizing:border-box;"">&nbsp;</span></span><a href=""https://www.figma.com/file/f577nrKafqKB7x3rvRHMOt/JIS-MiCourt?node-id=6343-54320&amp;t=ou4kRRmqdgQiMhdJ-4"" style=""box-sizing:border-box;text-decoration:underline;cursor:pointer;"">court administration page</a><span style=""box-sizing:border-box;display:inline !important;"">.</span> </div> </li><li><div style=""box-sizing:border-box;text-align:start;""><span style="""">Navigating away from the page presents the cancel modal.&nbsp;&nbsp;</span> </div> </li><li><div style=""box-sizing:border-box;text-align:start;""><span style="""">Confirmation Modal has option to cancel or discard.</span> </div> </li> </ul>",,"Jacob Williams <jacob.williams@atomicobject.com>"
"33751","Bug","Closed","MiCOURT\Atomic Object\Forms and Portal Enhancements","Update ""Auto Case"" to ""Auto-Case"" in ACN modals",,,,"Jacob Williams <jacob.williams@atomicobject.com>"
"33758","Bug","Closed","MiCOURT\Atomic Object\Forms and Portal Enhancements\AO-03-SEP26","New ""Current Date"" function is returning UTC time instead of local time",,,,"Jacob Williams <jacob.williams@atomicobject.com>"
"38380","User Story","Closed","MiCOURT\Atomic Object\Finance\AO-25-JUN18","Confirmation Messages: Send Out Confirmation Messages For Existing Users Opting In","<div>Confirmation messages are sent out for users who have previously consented to being contacted by MiCourt Reminders. In the event that one of these users is being added to a payment plan, one of these confirmation messages should be sent out instead of a consent message. </div><div><br> </div><div>The existing functionality for sending consent messages should be nearly the same for this effort. </div><div><br> </div><div><b>Reminders API</b> </div><div>Build a new endpoint for sending out these emails and texts messages. </div>","<div>For users that have already been marked as consented, they receive the confirmation message/email instead of the prompt for consent. </div>",,"Jacob Williams <jacob.williams@atomicobject.com>"
"37976","User Story","Closed","MiCOURT\Atomic Object\Finance\AO-24-JUN4","Finance Release 6-4-24",,,,"Jacob Williams <jacob.williams@atomicobject.com>"
"37574","User Story","Closed","MiCOURT\Atomic Object\Finance\AO-24-JUN4","Consent Messages: Send out Consent Messages for Finance Reminders","<div style=""box-sizing:border-box;"">A new consent message must be sent out when a reminder is added to a payment plan and the user has not already responded to a consent message for the given contact. </div><div style=""box-sizing:border-box;""><br> </div><div style=""box-sizing:border-box;""><b>Reminders API</b> </div><div style=""box-sizing:border-box;"">Create a POST endpoint that sends the consent messages out. It should take a list of reminders and send them out via the appropriate messaging service. The endpoint should return a count of how many consent messages were successfully sent out. </div>","<div><ul><li>Text reminders should be sent out with Twilio </li><li>Email reminders should be sent out with SendGrid </li><li>Both can be viewed and tested in real time (i.e. we can receive a consent message) </li> </ul> </div>",,"Jacob Williams <jacob.williams@atomicobject.com>"
"37242","User Story","Closed","MiCOURT\Atomic Object\Finance\AO-27-JUL25","GET endpoint for sending upcoming reminders to the Reminders API","<div>In the Finance API, create a new endpoint that returns a list of reminders that will be sent to the reminders api, who will then prepare to send them out to users. </div><div><br> </div><div>A reminder is considered upcoming if: </div><div><ul><li>its payment plan's due date is within 5 days of the current date </li><li>consent has been granted for the given tenant </li> </ul> </div><div>The shape of a reminder should be: </div><div><ul><li>tenant key </li><li>contact information </li><li>payment due date </li><li>payment amount </li> </ul> </div>","<ul><li>Get endpoint returns all upcoming reminders that need to be sent out in the proper shape </li> </ul>",,"Jacob Williams <jacob.williams@atomicobject.com>"
"37575","User Story","Closed","MiCOURT\Atomic Object\Finance\AO-06-SEP26","Consent Messages: Receiving a Consent Response for Emails","<div>When a user responds to their consent email (they click the blue confirm button), we need to update the consent status of the reminder associated with that contact value. </div><div><br> </div><div>This is already implemented for text messages, but emails in the reminders api are created/stored with a unique consent token.&nbsp;<span>This guid is used for the `v2/reminders/subscribe` and `v2/reminders/unsubscribe` PUT endpoints, allowing for the email's consent status to be updated accordingly. In finance, we do not have any concept of this token.</span> </div><div><span><br></span> </div><div><span>We'll create a concept of this consent token for finance, and it will be created only when email reminder (whose consent token does not exist in reminders already) is added to the system.</span> </div><div><span><br></span> </div><div><span><b>Finance API</b></span> </div><div>Add a new field for the email consent token to the relevant models for reminders. We'll also need to update the methods used to create reminders in the Create/Edit payment plan workflows. </div><div><br> </div><div>We may also need a new GET endpoint that retrieves this guid for the reminders api, but it's possible we can modify the `VerifyContactValueAsync` GET endpoint to serve this purpose. </div><div><br> </div><div><b>Reminders API</b> </div><div>Implement the usage of this consent token in the `BuildConsentMessage` method in the `EmailAccountService.cs`. We need to leave the existing functionality intact, but add support for reminders that exist in our finance system. </div>","<div><ul><li>when a user responds to an email consent message, they are redirected to the correct micourt page appropriately indicating their decision </li><li>the corresponding reminder's consent status is updated in the finance db </li> </ul> </div>",,"Jacob Williams <jacob.williams@atomicobject.com>"
"37112","User Story","Closed","MiCOURT\Atomic Object\Finance\AO-24-JUN4","Consent Messages: Update Consent Status of a Reminder","<div>After a user responds to their consent message, we need to update the corresponding reminder's consent status with their response. </div><div><br> </div><div><b>Finance API</b> </div><div>Create a PUT endpoint that updates the consent status value for all reminders in the Finance DB matching the contact type, contact value and court tenant. </div>","<ul><li>the consent status of existing reminders can be updated to a new value </li> </ul>",,"Jacob Williams <jacob.williams@atomicobject.com>"
"37573","User Story","Closed","MiCOURT\Atomic Object\Finance\AO-24-JUN4","Consent Messages: GET Reminders from Reminders DB","<div>When we add a new reminder to a payment plan, it gets created and stored in the finance database. For its contact value (email or phone), we need to check the Reminders DB and see if it has already been granted consent for the court tenant of the payment plan. </div><div><span style=""text-align:left;background-color:rgb(32, 31, 30);display:inline !important;""><br></span> </div><div><span style=""text-align:left;background-color:rgb(32, 31, 30);display:inline !important;""><b>Reminders API</b></span> </div><div><span style=""text-align:left;background-color:rgb(32, 31, 30);display:inline !important;"">Create a GET Endpoint that returns all reminders from the Reminders DB that match a given contact value and type. The endpoint should also send back the consent status of the reminder retrieved.</span> </div><div><span style=""text-align:left;background-color:rgb(32, 31, 30);display:inline !important;""><br></span> </div><div><span style=""text-align:left;background-color:rgb(32, 31, 30);display:inline !important;"">We'll hit this endpoint from finance.</span> </div>","<ul><li>endpoint returns a list of reminders found in the Reminders DB that match the contact value and court tenant params </li><li>if no reminders are found, return an empty list </li> </ul>",,"Jacob Williams <jacob.williams@atomicobject.com>"
"37111","User Story","Closed","MiCOURT\Atomic Object\Finance\AO-22-MAY7","Modify Edit Payment Plan Endpoint to Include Editing Existing Reminders","<div>In Finance API: </div><div><br> </div><div><span style=""background-color:rgb(32, 31, 30);display:inline !important;"">Reminders need to be included in the response for the edit payment plan endpoint. That way when we go to edit/save a modified payment plan, it also will save the reminders if they were modified as well.</span><br> </div>","<ul style=""box-sizing:border-box;padding:0px 0px 0px 40px;""><li style=""box-sizing:border-box;"">Edit Payment Plan endpoint should contain reminders in the request body </li><li style=""box-sizing:border-box;"">upon successfully editing a payment plan: </li><ul><li style=""box-sizing:border-box;"">changes to reminders should be reflected in the database </li><li style=""box-sizing:border-box;"">if there were no changes to the reminders, there should be no db transactions in regards to the reminders table </li> </ul> </ul>",,"Jacob Williams <jacob.williams@atomicobject.com>"
"37103","User Story","Closed","MiCOURT\Atomic Object\Finance\AO-20-API9","Modify the Add Payment Plan Endpoint to Include Adding New Reminders","<div>In the Finance API: </div><div><br> </div><div>Reminders need to be included in the response for the add payment plan endpoint. That way when we go to save the payment plan, it also will save the reminders that a user has added. </div>","<ul><li>Add Payment Plan endpoint should contain reminders in the request body </li><li>upon successfully adding a payment plan, the reminders should be stored in their respective database table with the correct information from the request body </li> </ul>",,"Jacob Williams <jacob.williams@atomicobject.com>"
"37083","User Story","Closed","MiCOURT\Atomic Object\Finance\AO-19-MAR26","Set Up Reminders in Finance API","<div>This story is just the initial set up for us to do future Reminders work in the finance API. </div><div><br> </div><div>We need to set up the reminders table and update relevant Payment Plan Repository functions &amp; dto's to include reminders. </div><div><br> </div><div>It's likely that unit/acceptance tests will also be need to be modified.&nbsp; </div>","<ul><li>Reminders should be added to all Payment Plan responses </li><li>Reminders table should be created and contain the following fields </li><ul><li>Id </li><li>Payment Plan ID (FK) </li><li>Contact Type </li><li>Contact Value </li><li>Consent Granted </li> </ul><li><a href=""https://miro.com/app/board/uXjVMqYUzt4=/?moveToWidget=3458764585401902083&amp;cot=14"">Link to the schema</a> </li> </ul>",,"Jacob Williams <jacob.williams@atomicobject.com>"
"36617","Bug","Closed","MiCOURT\Atomic Object\Finance\AO-22-MAY7","Contact info not repopulating into the modal",,,,"Jacob Williams <jacob.williams@atomicobject.com>"
"36618","Bug","Closed","MiCOURT\Atomic Object\Finance\AO-22-MAY7","Must provide required information to proceed to step 3",,,,"Jacob Williams <jacob.williams@atomicobject.com>"
"35530","User Story","Closed","MiCOURT\Atomic Object\Finance\AO-18-MAR12","Using pagination buttons should scroll the user to the top of the table.","<div>When the user interacts with the pagination on ANY table in the finance project that has pagination, the user should be scrolled to the top of the table. </div><div><br> </div><div>The tables should behave like the case search tables in portal. </div><div><br> </div><div><br> </div><div><a href=""https://v15.material.angular.io/components/paginator/api"">https://v15.material.angular.io/components/paginator/api</a><br> </div>",,,"Jacob Williams <jacob.williams@atomicobject.com>"
"36551","User Story","Closed","MiCOURT\Atomic Object\Finance\AO-18-MAR12","remove notes from finance api",,,,"Jacob Williams <jacob.williams@atomicobject.com>"
"34149","Bug","Closed","MiCOURT\Atomic Object\Finance\AO-18-MAR12","Navigating to last page of search results never returns",,,,"Jacob Williams <jacob.williams@atomicobject.com>"
"34688","User Story","Closed","MiCOURT\Atomic Object\Finance\AO-18-MAR12","Notes Tab in Detailed View of Payment Plan","<div><b style=""box-sizing:border-box;"">User Story</b><span style=""box-sizing:border-box;display:inline !important;"">: As a clerk,&nbsp;</span><span style=""box-sizing:border-box;display:inline !important;"">I want to be able to view, add, edit, and delete notes from the detailed view of a payment plan.</span><br style=""box-sizing:border-box;""><div style=""box-sizing:border-box;""><br style=""box-sizing:border-box;""> </div><div style=""box-sizing:border-box;""><b><a href=""https://www.figma.com/file/2pRV7TxGeknqcI0tuj1f7m/MiCourt-Finance?type=design&amp;node-id=3971-81975&amp;mode=design&amp;t=tk3oPpVQaTlDLFR2-4"">Notes Tab in Detailed View</a>&nbsp;Design</b> </div><div style=""box-sizing:border-box;""><b><a href=""https://www.figma.com/file/2pRV7TxGeknqcI0tuj1f7m/MiCourt-Finance?type=design&amp;node-id=3971-81978&amp;mode=design&amp;t=tk3oPpVQaTlDLFR2-4"">Edit Note workflow</a></b> </div><div style=""box-sizing:border-box;""><a href=""https://www.figma.com/file/2pRV7TxGeknqcI0tuj1f7m/MiCourt-Finance?type=design&amp;node-id=3971-82133&amp;mode=design&amp;t=tk3oPpVQaTlDLFR2-4""><b>Delete Note workflow</b></a> </div><div style=""box-sizing:border-box;""><a href=""https://www.figma.com/file/2pRV7TxGeknqcI0tuj1f7m/MiCourt-Finance?type=design&amp;node-id=3971-81733&amp;mode=design&amp;t=tk3oPpVQaTlDLFR2-4""><b>Add notes workflow</b></a> </div><div style=""box-sizing:border-box;""><br style=""box-sizing:border-box;""> </div><b style=""box-sizing:border-box;"">Technical Notes</b><span style=""box-sizing:border-box;display:inline !important;"">:</span> </div><div><span style=""box-sizing:border-box;display:inline !important;""><br></span> </div><div><span style=""box-sizing:border-box;display:inline !important;"">This involves both front-end and back-end work.<br></span> </div><div><span style=""box-sizing:border-box;display:inline !important;""><br></span> </div><div><span style=""box-sizing:border-box;display:inline !important;"">The backend work for payment plan notes is similar to case notes: <a href=""https://dev.azure.com/mi-jis/MiCOURT/_git/MiCourt.Notes.Api"">https://dev.azure.com/mi-jis/MiCOURT/_git/MiCourt.Notes.Api</a><br></span> </div>","<div><ul><li>Add Notes tab to Detailed View of Payment Plan </li><li>Sort order should be newest first </li><li>User should be able to view a list of existing notes including who added the note and when </li><li>User should be able to <a href=""https://www.figma.com/file/2pRV7TxGeknqcI0tuj1f7m/MiCourt-Finance?type=design&amp;node-id=3971-80830&amp;mode=design&amp;t=tk3oPpVQaTlDLFR2-4"">Edit notes from this screen</a>&nbsp; </li><ul><li>user should be able to update text, save, or cancel&nbsp; </li><li>Text limit is 4000 characters&nbsp; </li> </ul><li>User should be able to <a href=""https://www.figma.com/file/2pRV7TxGeknqcI0tuj1f7m/MiCourt-Finance?type=design&amp;node-id=3971-82133&amp;mode=design&amp;t=tk3oPpVQaTlDLFR2-4"">Delete notes</a> from this screen (soft delete)&nbsp; </li><ul><li>Confirmation pops up before the note is deleted </li> </ul><li>User should be able to <a href=""https://www.figma.com/file/2pRV7TxGeknqcI0tuj1f7m/MiCourt-Finance?type=design&amp;node-id=3971-81733&amp;mode=design&amp;t=tk3oPpVQaTlDLFR2-4"">Add a Note</a> </li><ul><li>New note should be added to the list view of notes once it is saved </li><li>Text limit is 4000 characters&nbsp;<br> </li> </ul> </ul> </div>",,"Jacob Williams <jacob.williams@atomicobject.com>"
"34162","User Story","Closed","MiCOURT\Atomic Object\Finance","Cases Table Setup","<div style=""box-sizing:border-box;""><div style=""box-sizing:border-box;""><b style=""box-sizing:border-box;"">User Story</b><span style=""box-sizing:border-box;"">:&nbsp;</span><span style=""box-sizing:border-box;"">As a clerk, I want to be able to view a list of the cases associated with this payment plan in a detailed view.</span> </div> </div><div style=""box-sizing:border-box;""><div style=""box-sizing:border-box;""><br style=""box-sizing:border-box;""> </div><div style=""box-sizing:border-box;""><b><a href=""https://www.figma.com/file/2pRV7TxGeknqcI0tuj1f7m/MiCourt-Finance?type=design&amp;node-id=3055-150414&amp;mode=design&amp;t=V4eg8ePfc5jQaRf2-4"">Figma</a></b> </div><div style=""box-sizing:border-box;""><br style=""box-sizing:border-box;""> </div><div style=""box-sizing:border-box;""><br style=""box-sizing:border-box;""> </div><div style=""box-sizing:border-box;""><b style=""box-sizing:border-box;"">Technical Notes</b>:&nbsp; </div>Use this endpoint to get additional information <span><span><span><a><span>/api<wbr>/case-product<wbr>/v3<wbr>/{courtKey}<wbr>/cases<wbr>/{caseDocketId}</span></a></span></span></span><br> </div><br>","<ul><li>Table should include </li><ul><li>Name </li><li>Case ID </li><li>Description </li><li>Restitution Owed </li><li>Balance </li><li>Total of each column </li> </ul><li><b>Edit and View Details buttons are out of scope for this story</b> </li> </ul>",,"Jacob Williams <jacob.williams@atomicobject.com>"
"34047","User Story","Closed","MiCOURT\Atomic Object\Finance","View Details Button ","<div style=""box-sizing:border-box;""><b>User Story:</b><span>&nbsp;As a clerk,&nbsp;</span><span>I want to click the View Details button and be taken to the Overview screen.&nbsp;</span><br> </div><div style=""box-sizing:border-box;""><div style=""box-sizing:border-box;""><div style=""box-sizing:border-box;""><br style=""box-sizing:border-box;""> </div><br style=""box-sizing:border-box;""> </div><div style=""box-sizing:border-box;""><b style=""box-sizing:border-box;""><a href=""https://www.figma.com/file/2pRV7TxGeknqcI0tuj1f7m/MiCourt-Finance?type=design&amp;node-id=2529-128001&amp;mode=design&amp;t=GV9R1ps9SsYoRlpj-4"" style=""box-sizing:border-box;text-decoration:underline;cursor:pointer;"">Figma</a><span>&nbsp;</span>- View Details button<br style=""box-sizing:border-box;""></b> </div><div style=""box-sizing:border-box;""><b style=""box-sizing:border-box;""><span><a href=""https://www.figma.com/file/2pRV7TxGeknqcI0tuj1f7m/MiCourt-Finance?type=design&amp;node-id=2885-107291&amp;mode=design&amp;t=uP5TMeandFtnITCE-4"">Figma</a>&nbsp;</span>- Payment Plan Overview screen</b> </div><div style=""box-sizing:border-box;""><br style=""box-sizing:border-box;""> </div><div style=""box-sizing:border-box;""><b style=""box-sizing:border-box;"">Technical Notes:</b> </div><div style=""box-sizing:border-box;""><b style=""box-sizing:border-box;""><br></b> </div><div style=""box-sizing:border-box;""><b style=""box-sizing:border-box;"">Design Notes:</b> </div><div style=""box-sizing:border-box;""><span style=""box-sizing:border-box;"">Each tab in the expanded payment plan row has a 'View Details' button. For right now, all of these buttons take the user to the same 'Payment Plan Overview' page.</span> </div> </div><br>","<div><li style=""box-sizing:border-box;"">Setup of View Details button </li><li style=""box-sizing:border-box;"">When button is clicked, user is redirected to the Payment Plan Overview screen (see figma above) </li><br> </div>",,"Jacob Williams <jacob.williams@atomicobject.com>"
"33522","User Story","Closed","MiCOURT\Atomic Object\Forms and Portal Enhancements\AO-02-SEP12","Create function returning current date for data mapping","<div>Per Kacie H review of NTA in Design Sync from 9/14. </div><div><br> </div><div>The Notice to Appear form (MC06 - NTA) has the &quot;Date issued&quot; field on the form (version 6/19 is the current version). Presto populates the current date, when the form is generated. Create a function to pull current date from the server and make that available in the CMS Mapping column. </div><div><br> </div><div>See attached pdf form generation. </div>","<div><ol><li>Mapping the &quot;Date issued&quot; field of the MC06 form. </li><li>Use the &quot;Add Form&quot; from Case Search &gt; Forms generates a form with the &quot;Date issued&quot; field populated with today's date. </li><li>Opening the form in Presto works the same. </li> </ol> </div>",,"Jacob Williams <jacob.williams@atomicobject.com>"
"33690","Bug","Closed","MiCOURT\Atomic Object\Forms and Portal Enhancements","'Esc' doesn't close ACN confirmation modals",,,,"Jacob Williams <jacob.williams@atomicobject.com>"
"33205","User Story","Closed","MiCOURT\Atomic Object\Sprint 49","Hide ""Lookup Menu"" and Write Input to ROA' field in demo/staging/prod","<div>&quot;Lookup menu&quot; and &quot;Writing inputs to the ROA&quot; work are not complete and should not show in demo/staging/prod </div><div><span style=""""><ol><li><span style="""">hide &quot;Lookup Menu&quot; column on forms stepper&nbsp; (screenshot 1)</span> </li><li>hide &quot;Write Input Form Value to ROA&quot; column on forms stepper (screenshot 1) </li><li>hide &quot;Include form field data&quot; field and label below it (screenshot 2) </li> </ol><div><i>screenshot 1</i> </div></span> </div><div><img src=""https://dev.azure.com/mi-jis/0547c096-a601-46b0-9f3f-f8b8197e7ccb/_apis/wit/attachments/382913a4-3e3e-4d47-b4df-502b9a9bdc3b?fileName=Screen%20Shot%202023-08-20%20at%202.22.54%20PM.png"" alt=""Screen Shot 2023-08-20 at 2.22.54 PM.png""><br> </div><div><br> </div><div><br> </div><div>screenshot 2 </div><div><img src=""https://dev.azure.com/mi-jis/0547c096-a601-46b0-9f3f-f8b8197e7ccb/_apis/wit/attachments/b561f302-064a-412d-abad-fde3226a61cb?fileName=Screen%20Shot%202023-08-20%20at%202.30.42%20PM.png"" alt=""Screen Shot 2023-08-20 at 2.30.42 PM.png"">&nbsp; </div>","<ol style=""box-sizing:border-box;padding-left:40px;""><li style=""box-sizing:border-box;""><span style=""box-sizing:border-box;"">hide &quot;Lookup Menu&quot; column on forms stepper&nbsp; (screenshot 1)</span> </li><li style=""box-sizing:border-box;"">hide &quot;Write Input Form Value to ROA&quot; column on forms stepper (screenshot 1) </li><li style=""box-sizing:border-box;"">hide &quot;Include form field data&quot; field and label below it (screenshot 2) </li><li style=""box-sizing:border-box;""><b>once merged and deployed, tested, update forms packages in suiteadmin and deploy</b> </li> </ol>",,"Jacob Williams <jacob.williams@atomicobject.com>"
"33216","User Story","Closed","MiCOURT\Atomic Object\Sprint 49","Hide ""Save draft"" button on forms display page","<div>Drafts will not be part of the pilot release so we need to hide the &quot;Save Draft&quot; button.<br><br><img src=""https://dev.azure.com/mi-jis/0547c096-a601-46b0-9f3f-f8b8197e7ccb/_apis/wit/attachments/43801947-80db-43a3-8d37-8dd9dbbcbeaf?fileName=hide_save_draft.png"" alt=hide_save_draft.png><br><br><br> </div><div><br> </div><div><br> </div>","<ul><li>apply dev guard to the &quot;Save Draft&quot; button on the forms display route. This button should only show in the local/dev environments </li> </ul>",,"Jacob Williams <jacob.williams@atomicobject.com>"
"33090","User Story","Closed","MiCOURT\Atomic Object\Finance","Populate payment plan table","<div><b>User Story:</b><span>&nbsp;As a user, I want to see a high-level overview of each payment plan detail when viewing a list of current payment plans (this is the non-expanded view). This information includes name, date of birth, SSN, Driver's license, # of plan cases, and remaining balance.&nbsp;</span><br> </div><div><div style=""box-sizing:border-box;""><br style=""box-sizing:border-box;""> </div><div style=""box-sizing:border-box;""><br style=""box-sizing:border-box;""> </div><div style=""box-sizing:border-box;""><span style=""box-sizing:border-box;""><b>Figma:&nbsp;</b><a href=""https://www.figma.com/file/2pRV7TxGeknqcI0tuj1f7m/MiCourt-Finance?type=design&amp;node-id=975-38775&amp;mode=design&amp;t=uXXA9PUlUq699v6l-4"">https://www.figma.com/file/2pRV7TxGeknqcI0tuj1f7m/MiCourt-Finance?type=design&amp;node-id=975-38775&amp;mode=design&amp;t=uXXA9PUlUq699v6l-4</a></span> </div><div style=""box-sizing:border-box;""><br style=""box-sizing:border-box;""> </div><div style=""box-sizing:border-box;""><h3><span style=""box-sizing:border-box;"">Technical Notes</span> </h3> </div><div style=""box-sizing:border-box;""><span style=""box-sizing:border-box;"">For this story, populate the list of payment plans with just the data 
available from the payment plan database. Later, we will hook this up to
 a new REST API endpoint to give us search capability and more detailed 
case information. </span><b style=""box-sizing:border-box;""><br></b> </div> </div>","<div><ul><li>Each row shows&nbsp; </li><ul><li>name </li><li>DOB </li><li>SSN </li><li>Driver's License </li><li># of cases in plan </li><li>remaining balance in alignment with the headers of the table </li> </ul><li>Each row can expand (does not need to show additional information). </li><li>Each row has a checkbox option. </li><li>Notes: </li><ul><li><span style=""text-align:start;display:inline !important;"">Setup of the table for these rows is part of a different story.&nbsp;</span> </li><li><span style=""text-align:start;display:inline !important;"">This story includes setting up the details of each row in the <b>non-expanded</b> view.&nbsp;</span> </li><li><span style=""text-align:start;display:inline !important;"">The details show in the expanded view are part of a different story.&nbsp;&nbsp;</span> </li><li><span style=""text-align:start;display:inline !important;""><b>Tags and Days since last payment are not within the scope of this story.</b></span><br> </li> </ul> </ul> </div>",,"Jacob Williams <jacob.williams@atomicobject.com>"
"29373","User Story","Closed","MiCOURT\Atomic Object","Edit form template modal header changes","<div>In the edit form template version workflow, the page header/top nav bar should be the template version name instead of &quot;Edit Form Template Version&quot; and the X button should instead be a back arrow. </div><div><br> </div><div><img src=""https://dev.azure.com/mi-jis/0547c096-a601-46b0-9f3f-f8b8197e7ccb/_apis/wit/attachments/72d4e607-81cd-4917-b7dd-d4a24284cf58?fileName=image.png"" alt=Image><br> </div><div>FIle_name = mc06 </div><div>formTitle = Notice to Appear </div>","<div><ul><li>Should be the template version name instead of &quot;Edit Form Template Version&quot;<br> </li><li>Should be back arrow instead of cancel X button<br> </li> </ul> </div>",,"Jacob Williams <jacob.williams@atomicobject.com>"
"28326","User Story","Closed","MiCOURT\Atomic Object\Sprint 33","JIS Admin is warned when trying to leave Form Template creation page without submitting","<div><div style=""box-sizing:border-box;"">Prompt user with a modal to confirm their intent to cancel the creation of a form template version if they have not submitted it. &nbsp; </div><div style=""box-sizing:border-box;""><br style=""box-sizing:border-box;""> </div><div style=""box-sizing:border-box;"">Use case: JIS Admin creates a new template, or a new template version, then starts the creation of the template and clicks the close button in the navbar.&nbsp; A modal would ask them if they want to continue or go back and save the work they have done. &nbsp;This is to help prevent losing the mapping work, which could take users a decent amount of time to complete. </div><div style=""box-sizing:border-box;""><br> </div><div style=""box-sizing:border-box;"">This should work for navigation events such as typing a new route in the address bar, or UI events like clicking the close button in the upper left of the component or the Cancel button in the upper right. </div><div style=""box-sizing:border-box;""><br style=""box-sizing:border-box;""> </div><div style=""box-sizing:border-box;""><a href=""https://www.figma.com/file/f577nrKafqKB7x3rvRHMOt/JIS-MiCourt?node-id=2871:39080"" style=""box-sizing:border-box;text-decoration:underline;cursor:pointer;"">https://www.figma.com/file/f577nrKafqKB7x3rvRHMOt/JIS-MiCourt?node-id=2871%3A39080</a> </div><div style=""box-sizing:border-box;""><br> </div><div style=""box-sizing:border-box;"">Dev Note: You may want to use a De-Activate Route Guard:&nbsp;<a href=""https://angular.io/api/router/CanDeactivate"">https://angular.io/api/router/CanDeactivate</a> </div><br> </div>","<div>If the user has started the process of creating a new form template or form template version they are prompted by a modal before navigating away. </div><div><br> </div><div>Confirm design and language of the prompt with Ian and Bryan. </div>",,"Jacob Williams <jacob.williams@atomicobject.com>"
"30338","Bug","Closed","MiCOURT\Atomic Object\Sprint 37","Pressing escape key or clicking outside open dialogs closes dialog",,,,"Jacob Williams <jacob.williams@atomicobject.com>"
"29623","User Story","Closed","MiCOURT\Atomic Object\Sprint 37","PDF is displayed when editing a form template version","<h3>Background </h3><div>Currently, when a user edits a form template version, the PDF window is empty. The user should have the PDF from that specific version already set as the selected PDF and it should display in the PDF preview. </div><h3><span>Figma Links</span> </h3><div><a href=""https://www.figma.com/file/f577nrKafqKB7x3rvRHMOt/JIS-MiCourt?node-id=2915:38252&amp;t=Vn05J9n7bIoJiEIZ-4"">https://www.figma.com/file/f577nrKafqKB7x3rvRHMOt/JIS-MiCourt?node-id=2915%3A38252&amp;t=Vn05J9n7bIoJiEIZ-4</a><br> </div><div><h3>Technical Hints </h3><div>None </div><h3><span>Stakeholders</span> </h3> </div>","<div><ol><li><span style=""display:inline !important;""><span>&nbsp;</span>The user should have the PDF from that specific version already set as the selected PDF and it should display in the PDF preview.</span> </li><li>&nbsp;There should be a loading overlay until the PDF is resolved. </li><li>&nbsp;If the endpoint to get the PDF throws an error, the user should see a toast, and the preview window should show some error state (talk with Bryan and Ian for designs). </li><li>The user should NOT be able to upload a new PDF, the &quot;choose file&quot; section should be disabled. </li> </ol> </div><div><span style=""display:inline !important;""><br></span> </div>",,"Jacob Williams <jacob.williams@atomicobject.com>"
"30822","User Story","Closed","MiCOURT\Atomic Object\Sprint 40","In Form Template table, change ""Active"" and ""Inactive"" to render as tags","<div><a href=""https://www.figma.com/file/f577nrKafqKB7x3rvRHMOt/JIS-MiCourt?node-id=2677-35844&amp;t=191zSstoCpdjp1S6-4"">https://www.figma.com/file/f577nrKafqKB7x3rvRHMOt/JIS-MiCourt?node-id=2677-35844&amp;t=191zSstoCpdjp1S6-4</a><br> </div><div><br> </div><div>In the Status column under the form template version dropdown, render the &quot;Inactive&quot; and &quot;Active&quot; statuses and badges. Inactive should be gray, and active should be the accent/green color. See designs for details. </div><div><br> </div><div><img src=""https://dev.azure.com/mi-jis/0547c096-a601-46b0-9f3f-f8b8197e7ccb/_apis/wit/attachments/204d57e5-258b-42c2-9ef0-92ff96cbdac3?fileName=Screenshot%202023-04-04%20at%201.57.36%20PM.png"" alt=""Screenshot 2023-04-04 at 1.57.36 PM.png"" style=""width:461px;height:232px;"" width=461 height=232><br> </div><div><br> </div><div><b><br></b> </div><div><b>Link to master component:</b> </div><div><a href=""https://www.figma.com/file/f577nrKafqKB7x3rvRHMOt/JIS-MiCourt?node-id=5986-49296&amp;t=ahY8in0jIuQESKsA-4"">https://www.figma.com/file/f577nrKafqKB7x3rvRHMOt/JIS-MiCourt?node-id=5986-49296&amp;t=ahY8in0jIuQESKsA-4</a><br> </div>","<ul><li>Change entries in the &quot;Status&quot; column from text to badges as seen in designs. </li> </ul>",,"Jacob Williams <jacob.williams@atomicobject.com>"
"30358","User Story","Closed","MiCOURT\Atomic Object\Sprint 38","Create the select form template modal","<h3>Background </h3><div>Users can generate a form from portal case search and WebDCS/TCS. They will be presented with a modal listing of all the available form templates. Selecting a form template from the list will open MiCourt Forms in a new tab with the mapped form they selected. </div><h3>Figma Links </h3><div><a href=""https://www.figma.com/file/f577nrKafqKB7x3rvRHMOt/JIS-MiCourt?node-id=7983:68756&amp;t=1kMFDmpL4dgzOGHj-4"">https://www.figma.com/file/f577nrKafqKB7x3rvRHMOt/JIS-MiCourt?node-id=7983%3A68756&amp;t=1kMFDmpL4dgzOGHj-4</a><br> </div><h3>Technical Notes </h3><div>We should probably do a new project inside the MiCourtForms-UI repo, something like &quot;common-micourt-form-tools&quot;. </div><div><a href=""https://material.angular.io/components/list/examples"">https://material.angular.io/components/list/examples</a><br> </div>",,,"Jacob Williams <jacob.williams@atomicobject.com>"
"30247","User Story","Closed","MiCOURT\Atomic Object\Sprint 38","Build out a QA process/template for forms project","<div>Explore developing a consistent, reusable process for QA work. </div><div><br> </div><div>Consider connecting with Phil to learn more about QA and his process for Pixelberry. </div><div><br> </div><div>Follow up spike/story: explore using cypress for browser testing </div>","<div><span style=""display:inline !important;"">End result should be a template structure that separates the testing of the forms workflow into executable tasks. There should be actions for testers to take, as well as the expected result of those actions for any given task.</span><br> </div>",,"Jacob Williams <jacob.williams@atomicobject.com>"
"27915","User Story","Closed","MiCOURT\Atomic Object\Sprint 31","Component for the modal that contains the Create Form Template Version wizard and handles submission","<div><div style=""box-sizing:border-box;"">This component will read the state of the Create Form Template Version wizard and its validity, and will handle passing the state to a service which will make a call to the Forms API to submit. </div><div style=""box-sizing:border-box;""><br style=""box-sizing:border-box;""> </div><div style=""box-sizing:border-box;"">Also create the service method which will accept the state of the Create Form Template Version wizard and provide it to an API call for submission. </div> </div>","<div><ul><li>Submission of the stepper submits the form to the API and closes the modal on success </li><li>On failure, the modal remains open and displays an error state </li><li style=""box-sizing:border-box;"">When an API call is being made, show a spinner on the screen. </li><li style=""box-sizing:border-box;"">If the forms API call fails, a toast message should signal this failure to the user </li> </ul> </div>",,"Jacob Williams <jacob.williams@atomicobject.com>"
"28778","User Story","Closed","MiCOURT\Atomic Object","Show a relevant error message when the form template creation submission fails","<div>Currently, a static error message will be displayed when the create form template submission fails. We can instead display a more useful error message to the user when this happens, i.e., &quot;Error: a form with that name already exists&quot;. </div><div><br> </div><div>The API returns the message of the error when there is a bad request, which is usually thrown when there's a problem with validation of the request, including for a duplicate form name. The message in this exception can be used in a snackbar message when the error is handled in the UI so that the user sees all errors there may have been in their request. (This shouldn't happen too much in practice, assuming our input field validation when creating new form templates works as we expect) </div><div><br> </div><div>Here is where the currently static error message gets set.&nbsp; </div><div><img src=""https://dev.azure.com/mi-jis/0547c096-a601-46b0-9f3f-f8b8197e7ccb/_apis/wit/attachments/38e28cec-c92b-46e1-b878-bfd375399b17?fileName=image.png"" alt=Image><br> </div>","<ul><li>The user sees a more descriptive error message when create form template submission fails </li><ul><li>This error message should be directly taken from the API response returned as part of the ProblemDetails object </li> </ul> </ul>",,"Jacob Williams <jacob.williams@atomicobject.com>"
"29224","User Story","Closed","MiCOURT\Atomic Object","Add ""IsActive"" column to FormTemplateVersion table.","<div><h3><span style=""font-weight:normal;"">Context</span><br> </h3> </div><div>As the current active version of a form template is not related to the active date, whether a form template version is active or inactive needs to be tracked in the database. <br> </div>","<div><ul><li>Add an &quot;IsActive&quot; column to the FormTemplateVersion table. This should be a boolean. </li><li>In both the FormDetails and FormTemplateVersionUpdateData models, change the &quot;PublishStatus&quot; field from a string to a boolean. Change &quot;PublishStatus&quot; to &quot;IsActive&quot;. </li><li> Update the following FormRepository functions to include working with the IsActive column: AddNewFormTemplateAsync, AddNewFormTemplateVersionAsync, UpdateFormTemplateVersionAsync.<br> </li> </ul> </div>",,"Jacob Williams <jacob.williams@atomicobject.com>"
"29866","Bug","Closed","MiCOURT\Atomic Object\Sprint 35","Update UI project to be compatible with new api updates",,,,"Jacob Williams <jacob.williams@atomicobject.com>"
"29651","User Story","Closed","MiCOURT\Atomic Object\Sprint 36","User is prompted when saving a version as ""Active""","<h3>Background </h3><div>We want to enforce only a single form template version as the active version. When the user creates a new form template version or is editing an existing version, they should be prompted when saving that version as the &quot;Active&quot; version. </div><h3>Figma Links </h3><div><a href=""https://www.figma.com/file/f577nrKafqKB7x3rvRHMOt/JIS-MiCourt?node-id=7122:59410&amp;t=JUSiOrscPR5wudqY-4"">https://www.figma.com/file/f577nrKafqKB7x3rvRHMOt/JIS-MiCourt?node-id=7122%3A59410&amp;t=JUSiOrscPR5wudqY-4</a>&nbsp; </div>","<div><span style=""display:inline !important;"">When the user creates a new form template version or is editing an existing version, they should be prompted when saving that version as the &quot;Active&quot; version.</span><br> </div>",,"Jacob Williams <jacob.williams@atomicobject.com>"
"30847","Bug","Closed","MiCOURT\Atomic Object","Prevent saving incomplete form template as `Active` form",,,,"Jacob Williams <jacob.williams@atomicobject.com>"
"30815","Bug","Closed","MiCOURT\Atomic Object\Sprint 41","Adding version fails with ""Invalid request body: Code is required"" even though original version missing code",,,,"Jacob Williams <jacob.williams@atomicobject.com>"
"30751","Bug","Closed","MiCOURT\Atomic Object","User should see updated information as ""Last Modified"" in the form table","<div>Expanding a form for the details on the Forms table page shows a column &quot;Last Modified&quot;, which should show the date instead of the text string &quot;Last modified.&quot; </div>",,,"Jacob Williams <jacob.williams@atomicobject.com>"
"30682","User Story","Closed","MiCOURT\Atomic Object","Add a route for displaying draft form","<div>Figma:&nbsp;<a href=""https://www.figma.com/file/f577nrKafqKB7x3rvRHMOt/JIS-MiCourt?node-id=2367-31766&amp;t=jyBlZFDN1JIOAFTx-4"">https://www.figma.com/file/f577nrKafqKB7x3rvRHMOt/JIS-MiCourt?node-id=2367-31766&amp;t=jyBlZFDN1JIOAFTx-4</a> </div>","<div><div><ul><li>add new URL to router, e.g. /forms/drafts/{draft-uuid}, that will be used to launch the draft form with filled in draft data </li><li>make a get request to /forms/drafts/{draft-uuid} to retrieve the draft form<br> </li><li>redirect to the 404 page if a draft form doesn't exist<br> </li> </ul> </div><br> </div>",,"Jacob Williams <jacob.williams@atomicobject.com>"
"30900","Bug","Closed","MiCOURT\Atomic Object","Clear Search field after creating a new form template",,,,"Jacob Williams <jacob.williams@atomicobject.com>"
"30580","User Story","Closed","MiCOURT\Atomic Object","Draft forms: add save to draft button in toolbar and update toolbar button styles","<b>Background</b>: The toolbar needs to be updated to match the designs, and a save draft button needs to be added.<br><div><br> </div><div><b>Figma</b>:&nbsp;<span style=""display:inline !important;""><a href=""https://www.figma.com/file/f577nrKafqKB7x3rvRHMOt/JIS-MiCourt?node-id=2367-31766&amp;t=4UnHvBh3jvGYSW8S-4"">https://www.figma.com/file/f577nrKafqKB7x3rvRHMOt/JIS-MiCourt?node-id=2367-31766&amp;t=4UnHvBh3jvGYSW8S-4</a></span><br> </div><div><br> </div><div><b>Technical Notes</b>:<br> </div><div><ul><li><span>Some of the icons for the existing toolbar buttons may be changed from how they are by default, so check the icon classes of the toolbar buttons in figma to ensure the appropriate icons are changed</span> </li><ul><li><span>This includes the pagination and zoom buttons</span> </li> </ul><li><a href=""https://pdfviewer.net/extended-pdf-viewer/custom-toolbar"">https://pdfviewer.net/extended-pdf-viewer/custom-toolbar</a> </li> </ul> </div>","<ul><li>Add &quot;Save as Draft&quot; button to tool bar per design </li><li>Clicking &quot;Save&quot; should cause a snackbar popup to appear confirming the save&nbsp; </li><ul><li>&quot;Draft saved successfully&quot;&nbsp; </li> </ul><li>Iconography in pdf toolbar matches design </li><li>Hookup save and update actions to API </li><li>Redirect from new draft to edit draft screen upon creating a new draft </li><ul> </ul> </ul>",,"Jacob Williams <jacob.williams@atomicobject.com>"
"31360","User Story","Closed","MiCOURT\Atomic Object","Add a forms UI route for displaying DCS forms","<div>In WebDCS, the case type is often not visible on the screen to be able to make a complete docket-Id for Forms API requests. The&nbsp;<a href=""https://dev.azure.com/mi-jis/0547c096-a601-46b0-9f3f-f8b8197e7ccb/_workitems/edit/30773"" data-vss-mention=""version:1.0"">#30773</a>&nbsp;added a new API endpoint for downloading mapped forms that uses the division (Civil or Traffic/Criminal) to get a full docket-id from the case search API. </div><div><br> </div><div>Create a new route in the Forms-UI project that will be used for WebTCS downloads. It should operate similarly to the `/display-legacy` route. </div><pre><code><div>display-legacy-dcs/:legacyKey/:division/:caseYear/:caseNumber/:courtKey/:formNumber</div></code></pre>",,,"Jacob Williams <jacob.williams@atomicobject.com>"
"25879","User Story","Closed","MiCOURT\Atomic Object\Sprint 30","Case data is mapped for cc219b",,,,"Jacob Williams <jacob.williams@atomicobject.com>"
"27485","User Story","Closed","MiCOURT\Atomic Object\Sprint 29","Export Forms library from Forms UI project","<span style="""">The `@jis/forms` library project in the MiCourt.Forms.Ui repository needs to be configured to be built into an npm package that can be consumed by SuiteAdmin and other JIS applications.</span><br><div><ul><li><span style="""">A pipeline needs to be configured for building the library</span> </li><li><span style="""">A deployment pipeline needs to be configured for publishing the library artifact to the JIS npm repository</span> </li> </ul><div>A good reference for this would be the `@jis/manage-reminders` library which is part of the Reminders UI project. </div><span style=""""></span> </div>","<div>Whenever the `@jis/forms` project has changes pushed to the master branch, a pipeline should run to build the library, and then publish the artifact to to be made available in the <a href=""https://dev.azure.com/mi-jis/MiCOURT/_artifacts/feed/JIS"">JIS Artifacts Feed.</a> </div>",,"Jacob Williams <jacob.williams@atomicobject.com>"
"28783","Bug","Closed","MiCOURT\Atomic Object\Sprint 32","Form Details Expiration Date Picker cannot select new date",,,,"Jacob Williams <jacob.williams@atomicobject.com>"
"28739","User Story","Closed","MiCOURT\Atomic Object\Forms and Portal Enhancements","Implement Party Records Search Results Table in Case Search UI","<div>In the party records tab of the Case Search UI, we need to implement the design and functionality of the search results table. </div><div><ul><li>The results table should match <a href=""https://www.figma.com/file/f577nrKafqKB7x3rvRHMOt/JIS-MiCourt?node-id=3038:38670&amp;t=xvXMERrRuWJd3uyI-0"">the designs as seen in Figma</a> </li><ul><li>The first column should be fixed width </li><li>The first column should include a checkbox that is toggled when clicked directly, or when the entire row is clicked </li><li>The remaining columns should display the entire content of their cells, and if this makes the table too wide for the browser window, the table should be able to scroll horizontally </li><li><b>This story does not include the hyperlink for case numbers in the results table</b> </li><li>The table should be paginated client side </li> </ul><li>The Batch Changes button should be added on the right side above the search results table </li><ul><li>When there are one or more rows selected in the results table, the Batch Changes button should be enabled </li><li><b>The batch changes button does not need to be made functional as part of this story</b> </li> </ul> </ul><div><b><br></b> </div> </div><div>Links: </div><div><a href=""https://material.angular.io/components/table/examples#table-sticky-columns"">Material Design Tables with sticky columns</a> </div><div><br> </div><div><img src=""https://dev.azure.com/mi-jis/0547c096-a601-46b0-9f3f-f8b8197e7ccb/_apis/wit/attachments/5018dc72-3126-4b89-a7ad-9eab1d4fea1a?fileName=image.png"" alt=Image><br> </div>","<ul><li>Results table matches designs from Figma </li><li>First column is fixed width, and has a checkbox preceding the Party Name </li><li>Remaining columns show complete information, and when this lengthens the table too much horizontally, the table should be scrollable horizontally </li><li>Rows can be clicked on to toggle their selection, and the checkbox of each row indicates whether it's selected </li><li>When one or more rows are selected, the Batch Changes button is enabled </li><ul><li><b>No functionality for the button is necessary as part of this story, just toggling that it is disabled or not</b> </li> </ul> </ul>",,"Jacob Williams <jacob.williams@atomicobject.com>"
"28738","User Story","Closed","MiCOURT\Atomic Object\Forms and Portal Enhancements","Implement Party Records Search page in Case Search UI","<div>In the party records tab of the Case Search UI, implement the following pieces of functionality: </div><div><ul><li>Search header, with a selector for Courts/Tenants, and an input for a Party name, and when the search icon or enter is hit, a request is made </li><li>The results table does not need to fit the designs as shown, it only needs to be capable of displaying party records search results, which include the columns seen in the designs below </li><ul><li>For this story, it doesn't need to actually get that information from the API yet, just to read data from where search results would be stored </li> </ul><li><b>This story does not include adding the Batch Changes button in the upper right of the results</b> </li><li><b>This story does not include the &quot;More Options&quot; button below the search inputs</b> </li> </ul> </div><div><br> </div><div><img src=""https://dev.azure.com/mi-jis/0547c096-a601-46b0-9f3f-f8b8197e7ccb/_apis/wit/attachments/5018dc72-3126-4b89-a7ad-9eab1d4fea1a?fileName=image.png"" alt=Image><br> </div>","<ul><li>Add a search header with a tenant selector and name input, that when enter is pressed or the magnifying glass is clicked, triggers a call to a service to search for party records </li><ul><li>Actual requests to the API not necessary for this story </li> </ul><li>Add a basic results table to the body of the page that can show results from a party records search </li><ul><li>At a minimum include columns for Party, date of birth, drivers license, case number, address, email, mobile phone, and home phone </li> </ul> </ul>",,"Jacob Williams <jacob.williams@atomicobject.com>"
"29534","Bug","Closed","MiCOURT\Atomic Object","Fix Storybook Issues",,,,"Jacob Williams <jacob.williams@atomicobject.com>"
"29446","Bug","Closed","MiCOURT\Atomic Object","Modal UI Fixes",,,,"Jacob Williams <jacob.williams@atomicobject.com>"